anas,anas12345,anas,sarwar,34,bscs,anas@gmail.com,0300463731,karachi,Computer Science,Web Developer,
huzefa,huzefa12345,huze,tayyab,99,bscs,huzefa@gmail.com,423432234,karachi,Computer Science,Cybersecurity Analyst,
jazzy,jazzy12345,jhanzaib,afridi,29,bscs,jz@gmail.casda,21312312312,multan,Engineering,Nuclear Engineering,
rohan,rohan123,Rouhan,Ahmed,21,BSCS,Rouhan@gmail.com,0412312322,Karachi,Computer Science,Database Administrator,
ali,ali12345,ali,soban,20,bscs,ali@gmail.com,0293092323,lahore,Medical,Neurology,Patient Care,22,Medical Terminology,44,Pharmacology,33,
